sentiment,price_change
0.9463,0.6813
0.9014,0.6813
0.9537,0.6813
0.9486,-0.7045
0.9147,2.8588
0.7788,2.8588
0.7264,0.5292
0.7704,0.5292
0.4819,0.5292
0.388,-1.1913
0.7636,-0.0216
0.7799,-0.0831
0.8627,-0.0831
0.711,-0.0831
0.6999,-0.0831
0.6085,0.1411
0.6976,0.7372
0.6546,-0.0598
0.9263,-0.0598
0.9364,-0.2468
0.8762,0.6218
0.9708,-0.2625
0.9162,-0.2625
0.8623,0.7228
0.8955,0.7228
0.8208,0.7228
0.5974,-0.3109
0.9084,-1.0712
0.5951,-1.0712
0.6661,-1.1148
0.7545,-1.1148
0.8055,-0.1111
0.8443,-0.2472
0.9513,-0.1603
0.8568,-0.1603
0.9349,-0.1603
0.7469,7.3923
0.6925,0.4184
0.9164,-1.3549
0.9223,-1.3549
0.8925,0.397
0.9518,0.397
0.8927,-0.0858
0.9117,-0.0858
0.6773,-0.8928
0.8733,0.6648
0.8866,1.4753
0.7197,1.4753
0.9299,1.4753
0.7298,1.4753
0.9222,1.4753
0.7214,-0.1261
0.7871,-0.43
0.9447,2.0242
0.9103,2.0242
0.8199,1.7008
0.4113,1.7008
0.9289,1.4203
0.8601,-3.1479
0.9225,-3.1479
0.8788,-3.1479
0.9642,-0.3621
0.9539,-0.6242
0.5497,1.0183
0.9716,1.0183
0.9722,1.0183
0.9288,-0.5743
0.767,0.3891
0.7479,0.3891
0.564,-1.178
0.8993,-3.2896
0.8156,0.3719
0.7228,3.062
0.9737,3.062
0.9731,-3.3333
0.5421,-3.3333
0.5417,-0.0437
0.7522,-2.2823
0.9396,-2.2823
0.9679,-0.7837
0.9696,-0.7837
0.5928,-0.7837
0.7432,-0.0684
0.7588,0.761
0.5801,0.761
0.8376,0.761
0.7719,-0.2505
0.5735,-0.1844
0.8718,-0.1844
0.8728,-0.1844
0.4456,-0.4997
0.9101,0.6813
0.9648,0.0
0.6599,0.5292
0.4607,0.5292
0.7309,0.5292
0.8093,0.5292
0.8213,0.5292
0.8737,0.5292
0.8296,-0.0598
0.6512,-0.0598
0.9139,-0.2468
0.7821,-0.2468
0.6159,0.6218
0.6671,0.6218
0.9195,0.6218
0.8316,0.6218
0.7605,0.3928
0.7249,0.3287
0.9023,0.3287
0.8065,-0.2625
0.8848,-0.2625
0.887,-0.2625
0.6788,-1.178
0.9301,-1.0712
0.8061,-1.0712
0.8061,-1.0712
0.6204,-1.1148
0.935,1.2968
0.9625,-0.2472
0.7628,-0.1603
0.7592,-0.1603
0.6493,-1.3549
0.9203,-0.0858
0.8714,-0.43
0.9617,2.0242
0.8893,2.0242
0.9462,2.0242
0.9302,2.0242
0.9691,2.0242
0.965,2.0242
0.5334,1.7008
0.5608,-0.1603
0.8098,1.7008
0.7551,0.4607
0.8528,-3.1479
0.9346,-3.1479
0.4411,-3.1479
0.651,-0.3621
0.7521,-0.6242
0.891,7.3923
0.8689,7.3923
0.4975,-3.2896
0.9116,-3.2896
0.9116,-3.2896
0.9151,-3.2896
0.9005,0.0803
0.8712,0.0803
0.5459,0.0
0.5907,-0.2634
0.8623,-0.2634
0.7556,-0.7837
0.5944,0.761
0.8111,-0.2505
0.8909,2.2059
0.9593,2.2059
0.9149,2.2059
0.9273,-0.831
0.76,-1.4666
0.7032,-1.4666
0.9462,-1.4666
0.9331,-0.3514
0.8088,-0.3514
0.9625,-0.3514
0.8904,-4.6941
0.8858,2.2184
0.9077,2.2184
0.8171,0.555
0.9538,1.4225
0.9709,1.4225
0.9201,0.5894
0.8892,0.0974
0.8911,0.4915
0.9287,0.355
0.9394,0.355
0.9663,-1.467
0.8494,-1.467
0.8599,-1.0154
0.4721,-1.0154
0.8328,-1.0154
0.7826,-1.0154
0.8935,-1.0154
0.8245,-1.0154
0.9157,-0.0437
0.817,0.6642
0.5599,0.5292
0.8474,-1.1913
0.8961,-1.1913
0.9516,-1.1913
0.8453,-0.0216
0.7291,-0.0216
0.5574,-0.0216
0.7749,-0.1022
0.871,-0.0598
0.8116,-0.0598
0.8126,-0.0598
0.8939,0.6218
0.515,0.2418
0.901,0.2418
0.8244,0.2418
0.9012,0.2418
0.584,0.2418
0.8276,0.0
0.918,0.0
0.8567,0.3287
0.8564,-0.2625
0.4483,-0.3109
0.7323,-1.1148
0.8812,-0.1111
0.8822,1.2968
0.7291,-0.2472
0.9285,-0.1603
0.9297,0.4184
0.4638,0.397
0.5301,0.397
0.9266,0.397
0.8574,-0.1261
0.9301,-0.43
0.8253,2.0242
0.6111,2.0242
0.5518,2.0242
0.7405,0.3719
0.6718,2.0242
0.9357,2.0242
0.8724,1.7008
0.8964,1.7008
0.8698,1.4203
0.9152,1.4203
0.8673,1.4203
0.5975,-0.6242
0.8033,1.0183
0.9168,3.062
0.9268,7.3923
0.9053,7.3923
0.5504,7.3923
0.5494,7.3923
0.7142,-0.5743
0.5651,-0.5743
0.7805,-0.5743
0.9252,-0.5743
0.8228,-1.178
0.7091,-1.178
0.6687,-3.2896
0.9288,-3.2896
0.8871,0.0803
0.8138,0.0803
0.8239,0.0803
0.7419,0.6246
0.5089,0.6246
0.8798,0.6246
0.6261,3.062
0.5846,0.0
0.6991,-3.3333
0.6474,-2.2823
0.6957,0.761
0.9372,-0.7386
0.888,-0.7386
0.5237,-0.4997
0.8809,-0.4997
0.8809,2.2059
0.6959,-1.4666
0.9359,-0.3514
0.5617,-4.6941
0.9057,-4.6941
0.69,-4.6941
0.9221,-4.6941
0.8579,-4.6941
0.6002,2.2184
0.935,0.2212
0.7689,2.2184
0.9542,0.555
0.8596,0.1596
0.5551,0.1596
0.7835,0.6813
0.8409,0.6813
0.9331,-0.0437
0.949,2.8588
0.9356,-1.1913
0.8874,-0.0216
0.8257,-0.0216
0.7546,-0.1022
0.5072,-0.1022
0.7242,-0.0598
0.6881,-0.0598
0.9444,-0.0598
0.9267,-0.0598
0.5927,0.2418
0.5367,0.2418
0.4233,0.3928
0.935,-0.2625
0.8591,-0.2625
0.9194,-0.3109
0.8361,-1.1148
0.5974,-1.1148
0.8956,-1.1148
0.971,-0.1111
0.922,0.4184
0.5265,1.4753
0.4842,1.4753
0.7437,1.4753
0.9332,0.2212
0.9429,-0.43
0.8652,2.0242
0.8604,1.7008
0.7019,1.4203
0.622,0.4607
0.9346,0.4607
0.58,0.4607
0.7139,0.4607
0.8377,0.2851
0.7555,7.3923
0.9283,-3.2896
0.5568,0.3719
0.5682,3.062
0.8902,-0.2505
0.6683,0.0289
0.8784,1.5001
0.8575,2.2184
0.7495,2.2184
0.7293,2.2184
0.8249,0.555
0.8751,0.0
0.9258,0.1596
0.5986,1.4225
0.9512,1.0665
0.7931,0.5894
0.8277,0.7971
0.5864,0.7971
0.9355,0.0
0.9121,-0.0658
0.8464,-0.8425
0.609,0.355
0.9102,-1.467
0.9377,-1.0154
0.9156,-1.0154
0.5158,-1.3362
0.7987,-1.3362
0.9368,-0.0188
0.8932,-0.0188
0.8505,0.5506
0.923,0.6462
0.5987,0.6462
0.8245,0.6462
0.7996,0.8267
0.7927,0.6813
0.8225,-0.0437
0.9322,-0.7045
0.8944,-0.7045
0.9002,-0.7045
0.7521,0.6642
0.9199,0.5292
0.4349,0.5292
0.9284,-1.1913
0.8638,0.0072
0.7874,-0.0831
0.7958,-0.0831
0.8475,-0.1022
0.473,-0.0598
0.8328,-0.0598
0.6838,-0.0598
0.854,-0.1352
0.6481,-0.1352
0.6481,-0.1352
0.6777,-0.2468
0.8191,-0.2468
0.9487,-0.2634
0.7693,-0.2542
0.8516,0.6218
0.5473,0.2418
0.6777,0.2418
0.9161,0.2418
0.9615,0.3928
0.9332,0.3287
0.4589,0.3287
0.6774,-0.2625
0.8591,0.7228
0.683,0.7228
0.7431,0.7228
0.9374,0.7228
0.8432,0.7228
0.9347,-0.3109
0.6796,-0.3109
0.8534,-0.3109
0.8595,-0.3109
0.9698,-0.3109
0.9332,-1.0712
0.7179,-1.0712
0.6814,-1.1148
0.7985,-1.1148
0.8402,-1.1148
0.9608,-0.1111
0.7189,-0.1111
0.9449,-0.2472
0.863,-0.2472
0.6116,-0.1603
0.8725,-0.1603
0.6944,0.4184
0.9436,0.4184
0.6579,1.0637
0.9046,-0.0858
0.9338,-0.0858
0.4889,-0.0858
0.8026,1.4753
0.6211,0.2212
0.9154,-0.43
0.8725,2.0242
0.9302,2.0242
0.8657,1.7008
0.8467,1.7008
0.7879,0.4607
0.7879,0.4607
0.9363,0.4607
0.9369,0.4607
0.7033,0.4607
0.6197,-3.1479
0.559,-0.3621
0.8294,-0.3621
0.9221,1.0183
0.9284,1.0183
0.7708,7.3923
0.9418,7.3923
0.4926,-0.5743
0.6621,-3.2896
0.3379,0.6813
0.6666,0.6813
0.8907,-0.0437
0.9561,-0.7045
0.9073,2.8588
0.8422,2.8588
0.9208,0.6642
0.8888,0.0072
0.8858,0.0072
0.7633,-0.0831
0.9299,-0.0598
0.9635,0.6218
0.8518,0.7228
0.9486,-1.0712
0.9064,-1.1148
0.8747,0.4184
0.9094,1.0637
0.7456,1.4753
0.9391,0.2212
0.4117,-0.1261
0.9155,-0.1261
0.843,-0.1261
0.9097,-0.43
0.8368,-0.43
0.9193,-0.43
0.9323,1.7008
0.8898,1.7008
0.9153,1.4203
0.9136,1.4203
0.8593,-0.3621
0.9294,1.0183
0.7219,7.3923
0.9646,-0.5743
0.8345,-1.178
0.6738,-3.2896
0.9454,-0.2634
0.9637,0.3719
0.9104,0.3719
0.7378,0.3719
0.9746,3.062
0.9515,3.062
0.969,3.062
0.9571,3.062
0.3506,-0.2634
0.9664,-0.2634
0.8008,-0.2634
0.9734,-0.2634
0.9087,-0.2634
0.844,-0.2634
0.9214,-0.2634
0.9125,-0.2634
0.5714,-0.2634
0.8972,-0.2634
0.7216,-0.2634
0.6097,-0.2634
0.943,-0.2634
0.9084,-0.2634
0.9262,-0.2634
0.9332,-0.2634
0.9662,-0.2634
0.894,-0.2634
0.9469,-0.2634
0.957,-0.2634
0.8498,-0.2634
0.9078,-0.2634
0.8498,-0.2634
0.9585,-0.2634
0.8987,-0.2634
0.6599,-0.2634
0.7346,-0.2634
0.7313,-0.2634
0.7485,-0.2634
0.7424,-0.2634
0.9341,-0.2634
0.9497,-0.2634
0.8139,-0.2634
0.5502,-0.2634
0.9338,-0.2634
0.8514,-0.2634
0.7573,-0.2634
0.9076,-1.7118
0.8797,-1.7118
0.9714,-1.7118
0.935,-1.7118
0.952,-1.7118
0.9294,-1.7118
0.6208,-1.7118
0.7201,-1.7118
0.9486,-1.7118
0.6559,-1.7118
0.9706,-1.7118
0.9611,-1.7118
0.9524,-1.7118
0.9365,-3.3333
0.7941,-3.3333
0.9603,-3.3333
0.8646,0.6813
0.9237,0.6813
0.5731,0.6813
0.5396,0.6813
0.8334,0.6813
0.9249,0.6813
0.9096,0.6813
0.7878,0.6813
0.9451,0.6813
0.6346,0.6813
0.9092,0.6813
0.9041,-0.0437
0.782,-0.0437
0.8789,-0.0437
0.9511,-0.0437
0.9123,-0.0437
0.7289,-0.0437
0.7784,-0.0437
0.5226,-0.0437
0.7133,-0.0437
0.9129,-0.0437
0.8711,-0.0437
0.8688,-0.0437
0.9097,-0.0437
0.8604,-0.0437
0.9243,-0.7045
0.5559,-0.7045
0.9149,0.6813
0.919,-0.7045
0.8832,-0.7045
0.8822,-0.7045
0.8971,-0.7045
0.9678,-0.7045
0.9036,-0.7045
0.8768,-0.7045
0.8855,-0.7045
0.695,-0.7045
0.5798,2.8588
0.6344,2.8588
0.9489,0.6642
0.9021,0.6642
0.5125,0.6642
0.9427,0.6642
0.8038,0.5292
0.923,0.5292
0.8413,0.5292
0.9183,0.5292
0.9403,-1.1913
0.9216,-1.1913
0.9637,-1.1913
0.5516,-1.1913
0.94,-1.1913
0.9139,-1.1913
0.9283,-0.0831
0.9399,0.1411
0.4669,0.1411
0.8301,0.1411
0.8564,0.1411
0.8825,0.1411
0.709,0.7372
0.9741,0.7372
0.9263,0.7372
0.9057,0.5292
0.6937,-1.1913
0.9009,-1.1913
0.875,-0.0598
0.9088,-0.1352
0.9236,-0.1352
0.8934,-0.2542
0.6681,0.6218
0.8515,0.6218
0.7861,0.2418
0.706,0.3928
0.9454,0.3287
0.6188,0.7228
0.7563,-0.1111
0.4964,-0.1111
0.7207,-0.2472
0.6171,-0.1603
0.9339,-0.1603
0.6837,0.4184
0.9451,1.4753
0.8329,1.4753
0.7607,2.0242
0.9265,1.4203
0.6407,1.4203
0.9386,0.4607
0.8819,0.4607
0.6276,7.3923
0.8408,7.3923
0.8129,-3.2896
0.6206,0.3719
0.8981,-0.7386
0.8493,-0.831
0.8536,-1.4666
0.7958,1.4225
0.869,0.0758
0.8583,-1.0154
0.5494,-0.4037
0.8985,0.6462
0.4791,0.6813
0.8958,0.6813
0.8942,0.6813
0.5101,-0.0437
0.7803,-0.0437
0.9005,-0.0437
0.9168,-0.0437
0.9276,-0.7045
0.8221,-0.7045
0.8567,-0.7045
0.9101,-0.7045
0.7229,-0.7045
0.8609,2.8588
0.8973,0.0
0.9051,0.5292
0.6459,0.5292
0.8713,-1.1913
0.569,-1.1913
0.4881,-1.1913
0.8574,0.0072
0.8671,-0.0831
0.6146,-0.0831
0.7792,-0.0831
0.9158,0.1411
0.9696,0.1411
0.8794,0.1411
0.9517,0.1411
0.9197,-0.1022
0.7253,-0.1022
0.7334,-0.1022
0.8616,-0.0598
0.7474,-0.0598
0.7958,0.6813
0.4788,-0.0598
0.9424,-0.0598
0.9128,-0.0598
0.7792,-0.1352
0.8433,-0.1352
0.5756,-0.1352
0.9616,-0.1352
0.9328,-0.2468
0.8446,-0.2625
0.8121,-0.2468
0.5943,-0.2542
0.9445,-0.2542
0.543,-0.2542
0.9261,0.6218
0.9378,0.6218
0.6982,0.6218
0.8372,0.2418
0.9387,0.2418
0.8243,0.0
0.7976,0.3928
0.9203,0.3287
0.4958,0.3287
0.5643,-0.2625
0.9524,-0.2625
0.8807,-0.2625
0.9109,0.7228
0.9572,0.7228
0.9294,0.7228
0.3976,0.7228
0.8321,-0.3109
0.9027,-0.3109
0.9027,-0.3109
0.8999,-1.0712
0.8064,-1.0712
0.8871,0.0
0.9339,-1.1148
0.9296,-1.1148
0.8998,-0.1111
0.6977,-0.1111
0.9467,-0.1111
0.6817,-0.1111
0.9392,-0.1111
0.7095,1.2968
0.9235,-0.2472
0.7748,-0.2472
0.7822,-0.1022
0.8228,-0.2542
0.8275,0.7228
0.9742,0.7228
0.8253,-1.0712
0.8108,-1.1148
0.8562,-0.2472
0.8835,-0.1603
0.8427,-0.1603
0.9723,-0.1603
0.6504,-0.1603
0.9731,2.0242
0.6989,2.0242
0.8061,2.0242
0.8865,2.0242
0.7975,2.0242
0.7975,2.0242
0.9506,1.7008
0.5911,0.4607
0.6918,-0.6242
0.9033,1.0183
0.7107,1.0183
0.7732,1.0183
0.7573,1.0183
0.5493,7.3923
0.521,-1.178
0.8354,-1.178
0.9237,-3.2896
0.9676,-3.2896
0.9072,-3.2896
0.8527,-3.2896
0.8839,-3.2896
0.9435,0.0803
0.8771,0.6246
0.8943,0.3719
0.6444,-0.2505
0.7928,-0.4997
0.7177,2.2059
0.8376,2.2059
0.9034,0.0289
0.8923,1.5001
0.6438,-1.4666
0.8971,-0.3514
0.6526,0.6813
0.5042,2.2184
0.8791,2.2184
0.4411,0.555
0.9256,1.4225
0.5077,1.4225
0.866,1.4225
0.8079,1.0665
0.7461,1.0665
0.6183,1.0665
0.8765,-0.2855
0.9642,-0.2855
0.5668,0.7971
0.9332,0.7971
0.6973,0.7971
0.8986,0.0554
0.5235,-0.0658
0.4977,0.0758
0.8762,-2.0615
0.8127,-1.467
0.9185,-1.467
0.7434,-1.467
0.928,-1.467
0.8845,0.2851
0.9422,0.2851
0.6418,-0.0188
0.946,-0.0188
0.9439,-0.0188
0.8248,-0.4037
0.6573,0.4821
0.7981,0.3796
0.6853,-1.6349
0.9301,-1.6349
0.6007,-1.6349
0.8172,-1.6349
0.7147,0.5506
0.8932,0.5506
0.8949,0.5506
0.9191,0.0839
0.8546,-0.5907
0.953,-0.5907
0.8515,-0.5907
0.8281,-0.5907
0.8979,0.6462
0.93,0.6462
0.8212,0.6462
0.886,0.8267
0.8351,0.8267
0.7919,0.8267
0.8062,0.8267
0.813,-0.0831
0.7587,-0.1022
0.6941,-0.2468
0.6762,-0.2542
0.7045,1.2968
0.7516,1.7008
0.7646,7.3923
0.9141,2.2059
0.8694,1.5001
0.6463,-4.6941
0.8017,2.2184
0.9073,-2.0615
0.5865,-1.467
0.9419,0.2851
0.8877,0.2851
0.7906,0.8267
0.8533,0.6813
0.9272,0.6813
0.9268,-0.0437
0.6328,-0.7045
0.9054,-1.1913
0.8619,-0.0216
0.9065,-0.1022
0.8239,-0.2468
0.7964,-0.2542
0.9151,0.6218
0.5758,0.6218
0.8521,0.3928
0.7705,0.3287
0.9192,-0.2625
0.9358,-0.2625
0.9353,-0.2625
0.9038,-0.2625
0.9444,-0.2625
0.8494,0.7228
0.9144,0.0
0.9302,-0.1603
0.6922,-1.1148
0.5687,-1.1148
0.7961,-0.1111
0.862,-0.1111
0.884,-0.2472
0.8204,-0.2472
0.9436,-0.2472
0.9102,-0.2472
0.7748,-0.1603
0.7797,0.4184
0.9151,-0.0858
0.9117,-0.0858
0.9314,-0.43
0.6667,-0.43
0.916,-0.43
0.6356,2.0242
0.8628,0.0
0.7366,0.4607
0.847,0.4607
0.7909,-3.1479
0.8869,-3.1479
0.924,-0.6242
0.9364,7.3923
0.6754,7.3923
0.6674,7.3923
0.6636,0.3891
0.8957,-1.178
0.9003,-1.178
0.7909,-3.2896
0.58,0.0
0.8459,3.062
0.4694,-1.7118
0.8892,-0.7386
0.9309,-0.7386
0.9078,2.2059
0.9426,0.0289
0.6896,1.5001
0.6341,-1.4666
0.9468,-0.3514
0.9313,1.0353
0.9247,-4.6941
0.8088,0.555
0.9251,1.4225
0.652,1.4225
0.9338,0.7971
0.7987,0.0554
0.9181,-0.2864
0.9199,-0.8425
0.9403,0.0974
0.7974,0.355
0.8468,0.355
0.7969,0.355
0.5565,-2.0615
0.8216,0.527
0.8758,0.527
0.7641,0.527
0.8046,0.527
0.8533,-1.0154
0.9302,0.2851
0.9152,-0.0188
0.6357,-0.0188
0.9634,-0.2625
0.9597,0.6813
0.919,0.6813
0.578,-0.0437
0.9225,-0.0437
0.9026,-0.0437
0.6474,-0.0437
0.8742,-0.0437
0.8624,-0.7045
0.8416,2.8588
0.9282,0.6642
0.9175,0.6642
0.9429,-0.2542
0.9078,0.5292
0.4942,-1.1913
0.6026,0.0072
0.769,-0.0831
0.9071,-0.0831
0.6043,-0.0831
0.9561,0.1411
0.8467,0.1411
0.8216,0.7372
0.8279,-0.1022
0.4839,-0.1022
0.9173,-0.0598
0.6082,-0.0598
0.8222,-0.0598
0.938,-0.1352
0.6732,-0.1352
0.9569,-0.1352
0.603,-0.2542
0.9169,-0.2542
0.8371,-0.2542
0.925,-0.2542
0.7643,-0.2542
0.5163,-0.2542
0.8339,0.6218
0.921,0.6218
0.7926,0.2418
0.9253,0.2418
0.5631,0.3287
0.6879,0.3287
0.7691,0.3287
0.8487,0.3287
0.8731,0.3287
0.9347,0.3287
0.6796,0.3287
0.9284,-0.2625
0.9159,-0.2625
0.9174,0.0
0.8116,0.7228
0.5796,0.7228
0.6152,-0.3109
0.8548,-0.3109
0.8562,-1.0712
0.8673,-1.0712
0.8881,-1.0712
0.7496,-1.1148
0.8934,-1.1148
0.9475,-0.1111
0.916,-0.1111
0.7285,-0.1111
0.9543,1.2968
0.7074,-0.2472
0.5382,-0.1603
0.6709,0.6813
0.7623,0.6813
0.5132,-0.0437
0.9222,-0.0831
0.9435,-0.7045
0.7758,-0.7045
0.5902,2.8588
0.8833,0.0072
0.7218,-0.0216
0.9428,-0.0831
0.7517,-0.0831
0.618,-0.0831
0.8912,-0.0831
0.6359,0.1411
0.6329,0.0
0.8262,0.7372
0.7779,0.7372
0.866,-0.1022
0.6937,-0.1022
0.9387,-0.1022
0.7769,-0.1022
0.8906,-0.0598
0.7,-0.0598
0.8301,-0.1352
0.9531,-0.1352
0.8427,-0.1352
0.8479,-0.2468
0.9247,-0.2468
0.8066,-0.2468
0.8833,-0.2468
0.87,-0.2542
0.4956,-0.2542
0.9177,-0.2542
0.8183,-0.2542
0.823,0.6218
0.5962,0.6218
0.6559,0.6218
0.6078,0.2418
0.9509,0.2418
0.7432,0.2418
0.8267,0.2418
0.4499,0.3928
0.9091,0.3287
0.8619,0.3287
0.8469,0.3287
0.8112,0.3287
0.5095,-0.2625
0.898,-0.2625
0.9453,-0.2625
0.8919,0.7228
0.795,0.7228
0.888,0.7228
0.961,0.7228
0.9581,0.0
0.6933,-0.3109
0.9201,-1.0712
0.7943,-1.0712
0.7344,-1.0712
0.8912,-1.1148
0.8647,-1.1148
0.8817,-1.1148
0.5508,-1.1148
0.808,-1.1148
0.8354,-1.1148
0.603,-0.1111
0.8202,1.2968
0.5951,-0.2472
0.8738,-0.1603
0.8352,-0.1603
0.7226,-0.1603
0.7971,0.4184
0.7105,0.4184
0.8875,1.0637
0.7907,1.0637
0.5104,-1.3549
0.8759,-1.3549
0.7156,0.397
0.7948,-0.0858
0.8564,0.6813
0.9443,0.6813
0.9402,0.6813
0.9395,0.6813
0.8393,0.6813
0.8846,-0.7045
0.8969,2.8588
0.8712,0.6642
0.8083,0.1411
0.9238,-0.1022
0.9334,-0.1022
0.7449,-0.1352
0.9463,-0.1352
0.8915,-0.2542
0.9266,-0.2542
0.586,-0.2542
0.9503,-0.2542
0.9536,0.6218
0.528,0.6218
0.8905,0.2418
0.8689,0.3287
0.8992,0.3287
0.9477,0.3287
0.9236,-0.2625
0.8395,0.7228
0.6721,-0.3109
0.968,0.0
0.9597,-0.1111
0.7008,1.2968
0.932,-0.1603
0.9269,0.4184
0.9035,-0.6242
0.7616,0.4184
0.9193,1.0637
0.5917,0.397
0.796,-0.0858
0.8569,-0.0858
0.9525,0.6648
0.7951,1.4753
0.7297,0.2212
0.7977,-0.1261
0.9422,-0.43
0.7399,-0.43
0.9012,-0.43
0.5138,-0.43
0.9108,2.0242
0.9054,2.0242
0.8929,2.0242
0.5668,1.7008
0.8713,1.7008
0.8524,1.7008
0.8174,1.7008
0.9218,1.7008
0.5223,0.4607
0.7955,-3.1479
0.9272,-3.1479
0.911,-3.1479
0.8318,-3.1479
0.5062,-0.3621
0.943,-0.3621
0.9298,-0.3621
0.8452,-0.3621
0.6328,-0.3621
0.8267,-0.6242
0.7481,-0.6242
0.9736,-0.6242
0.9747,-0.6242
0.7797,-0.6242
0.8874,1.0183
0.9368,1.0183
0.7695,7.3923
0.9244,7.3923
0.5325,7.3923
0.452,7.3923
0.4688,7.3923
0.7128,7.3923
0.6581,-0.5743
0.9466,-0.5743
0.4988,-0.5743
0.6212,0.6813
0.6212,0.6813
0.6559,-0.0437
0.9239,-0.0437
0.7432,-0.0437
0.8082,-0.0437
0.8649,-0.7045
0.8491,-0.7045
0.7735,0.0
0.9407,-0.2542
0.8649,0.6218
0.5945,0.2418
0.9352,0.2418
0.8012,0.3928
0.7461,-0.2625
0.7501,-1.0712
0.7559,-1.1148
0.5033,-1.1148
0.952,-1.1148
0.9063,-0.2472
0.8527,-0.2472
0.8216,-0.1603
0.8704,-0.1603
0.4977,0.6648
0.8839,0.2212
0.745,-0.43
0.9221,-0.43
0.8988,2.0242
0.7172,2.0242
0.7586,2.0242
0.749,1.7008
0.7323,1.7008
0.9403,-3.1479
0.6914,-0.3621
0.6655,-0.3621
0.8367,-0.3621
0.6054,-0.6242
0.7219,1.0183
0.858,-0.5743
0.764,-0.5743
0.9221,-1.178
0.5378,-3.2896
0.8315,-0.2634
0.7785,-1.7118
0.9473,-2.2823
0.7205,-2.2823
0.8713,-0.2505
0.8487,-0.4997
0.9122,2.2059
0.9329,1.5001
0.5233,-1.4666
0.5289,1.0353
0.8926,-4.6941
0.9162,-4.6941
0.8784,2.2184
0.8888,2.2184
0.8587,2.2184
0.8217,0.555
0.6817,0.1596
0.8191,1.4225
0.6751,1.4225
0.7142,1.0665
0.698,1.0665
0.8649,1.0665
0.8986,0.5894
0.8793,0.0554
0.9607,-0.8425
0.8303,-2.0615
0.8713,-2.0615
0.7306,0.527
0.8729,0.527
0.8703,-1.467
0.5515,-1.467
0.8996,-1.0154
0.8147,-1.0154
0.8003,-1.3362
0.7711,0.2851
0.934,-0.0437
0.8756,-0.0437
0.9134,-0.0437
0.7925,-0.7045
0.7176,-0.7045
0.8481,2.8588
0.8557,0.5292
0.902,-1.1913
0.5296,-1.1913
0.6105,-0.0831
0.5211,-0.0831
0.9654,-0.0831
0.6907,0.7372
0.9158,-0.1022
0.7593,-0.1022
0.6678,-0.1022
0.8696,-0.1022
0.9309,-0.0598
0.8873,-0.1352
0.7361,-0.2468
0.9608,-0.2542
0.6851,-0.2542
0.8009,-0.2542
0.5608,0.6218
0.5091,0.6218
0.9139,0.6218
0.8934,0.4184
0.8758,0.6218
0.7333,0.6218
0.6554,0.6218
0.9131,0.6218
0.9359,0.2418
0.9159,0.2418
0.6699,0.3928
0.9377,0.3287
0.9022,0.3287
0.5517,-0.2625
0.5343,-0.2625
0.7377,-0.2625
0.5393,-0.2625
0.8257,-0.2625
0.9369,-0.2625
0.9137,-0.2625
0.608,0.6813
0.909,0.6813
0.9627,0.6813
0.9192,-0.0437
0.8359,-0.7045
0.6776,-0.7045
0.7912,-0.7045
0.645,2.8588
0.5186,0.5292
0.8502,-1.1913
0.7344,-0.0831
0.6846,1.7008
0.5663,-0.0831
0.846,-0.0598
0.5235,-0.1352
0.7467,-0.2468
0.9692,-0.2542
0.7502,0.6218
0.5082,0.6218
0.5555,0.6218
0.9163,0.6218
0.6232,0.2418
0.7273,-0.2625
0.9689,0.7228
0.7576,0.7228
0.9548,-0.1111
0.916,-0.1603
0.9357,-0.1603
0.9495,-0.1603
0.6792,-0.1603
0.8815,0.4184
0.8173,0.4184
0.3567,-1.3549
0.9566,-1.3549
0.8552,0.2212
0.8962,-0.1261
0.8847,-0.43
0.9074,1.7008
0.9722,1.7008
0.935,1.7008
0.5843,1.4203
0.954,0.4607
0.9422,0.4607
0.9422,0.4607
0.9306,-3.1479
0.8982,-3.1479
0.9358,-3.1479
0.9108,-0.3621
0.9708,-0.3621
0.8838,-0.3621
0.9361,1.0183
0.5391,7.3923
0.5782,7.3923
0.9663,7.3923
0.6286,7.3923
0.5951,-0.5743
0.9618,-0.5743
0.6553,0.0
0.9678,0.3891
0.7459,-0.0831
0.8763,-0.1022
0.5402,-0.1022
0.7919,-0.0598
0.5606,-0.2542
0.864,-0.2625
0.7087,0.7228
0.9103,-0.3109
0.8484,-1.0712
0.8929,-1.1148
0.9256,-0.2472
0.9049,-0.1603
0.6835,0.4184
0.9131,0.4184
0.9093,0.397
0.8812,0.397
0.9679,-0.0858
0.9319,1.4753
0.9043,0.2212
0.8263,2.0242
0.424,2.0242
0.5014,1.4203
0.6999,0.4607
0.8262,0.4607
0.8868,-3.1479
0.8349,-3.1479
0.7363,-3.1479
0.6334,-0.3621
0.9031,1.0183
0.85,1.0183
0.8841,7.3923
0.919,-1.178
0.9337,-1.178
0.9191,3.062
0.9428,3.062
0.9111,-0.0831
0.7083,3.062
0.9191,-0.2634
0.8792,-2.2823
0.6922,-0.7386
0.8993,-0.2505
0.6911,-0.4997
0.9183,-0.4997
0.9198,2.2059
0.8476,2.2059
0.9339,-0.831
0.7145,-0.831
0.7193,0.0289
0.5294,-1.4666
0.7464,-1.4666
0.9701,-1.4666
0.9626,-0.3514
0.8068,-0.3514
0.6664,1.0353
0.8451,-4.6941
0.6866,-4.6941
0.9041,2.2184
0.8989,2.2184
0.6466,-1.2041
0.7918,0.1596
0.975,1.4225
0.947,1.4225
0.8382,1.0665
0.9198,-2.2823
0.7264,1.0665
0.8725,1.0665
0.9181,-0.2855
0.8604,-0.2855
0.8641,-0.2855
0.8579,-0.0437
0.523,-0.7045
0.552,-0.0598
0.8485,0.6218
0.6945,-0.2625
0.9526,-0.2625
0.9287,-0.3109
0.7074,-1.1148
0.9231,-1.1148
0.6785,-1.1148
0.507,-0.1111
0.9448,-0.1111
0.9439,-0.2472
0.935,-0.1603
0.6389,0.4184
0.7618,2.0242
0.9209,7.3923
0.9565,7.3923
0.7802,7.3923
0.8288,-1.178
0.8842,-1.178
0.9079,-3.2896
0.8176,-3.2896
0.6405,0.0803
0.792,0.0803
0.8951,0.3719
0.6765,0.3719
0.6493,3.062
0.5863,3.062
0.6314,3.062
0.5403,-0.2634
0.859,-0.2634
0.7787,-3.3333
0.9268,-0.7837
0.9196,-0.7837
0.8856,-0.7837
0.9192,-0.7837
0.7502,0.761
0.9272,-0.2505
0.7838,2.2059
0.9461,2.2059
0.888,2.2059
0.5387,-0.831
0.8483,-0.831
0.8685,-0.831
0.4656,1.5001
0.9321,-1.4666
0.754,-1.4666
0.9303,-1.4666
0.9628,-1.4666
0.7848,0.6813
0.8439,-0.0437
0.9312,-0.0437
0.8617,2.8588
0.8564,0.5292
0.9657,-0.2468
0.6011,0.6218
0.5743,0.2418
0.9517,-0.1111
0.497,0.4184
0.8911,0.4184
0.9452,-1.3549
0.9629,0.3891
0.9487,0.2212
0.9599,-0.43
0.5746,2.0242
0.6946,-3.1479
0.5139,-0.3621
0.9685,-0.6242
0.9353,0.0
0.7083,-0.5743
0.9521,0.0
0.9306,-1.178
0.635,-3.2896
0.7206,0.6246
0.9707,-0.2634
0.9523,-1.7118
0.5589,-1.7118
0.9277,-0.7837
0.7139,-0.4997
0.9259,-0.0831
0.8573,2.2059
0.6108,2.2059
0.726,2.2059
0.9626,0.0289
0.9503,1.0353
0.8933,0.0
0.9065,0.555
0.8897,0.1596
0.9153,1.0665
0.897,0.5894
0.8793,0.5894
0.8244,-0.2855
0.9745,-0.2855
0.7963,-0.2855
0.6999,0.7971
0.9616,-0.2864
0.7998,0.355
0.9022,-2.0615
0.9092,-0.4392
0.6817,0.527
0.9596,-1.3362
0.9212,-1.6349
0.7219,-1.6349
0.7238,-1.6349
0.5076,0.5506
0.5216,-0.5907
0.7507,-0.5907
0.6116,0.8267
0.5952,0.8267
0.53,-0.8822
0.9064,0.6218
0.9417,0.3928
0.9724,-0.1603
0.6144,-0.3621
0.8923,0.6246
0.9364,0.3719
0.9412,2.2059
0.9022,0.355
0.542,-1.3362
0.7889,-1.6349
0.8561,0.8267
0.8457,0.6813
0.9232,0.6813
0.9041,-0.7045
0.9083,-0.0216
0.7901,-0.0216
0.8673,-0.0598
0.691,-0.0598
0.7615,-0.1352
0.9657,-0.2468
0.8016,-0.2468
0.965,-0.2542
0.9373,-0.2542
0.925,-0.2542
0.9551,0.6218
0.9376,0.6218
0.8875,0.6218
0.9499,0.6218
0.8818,0.6218
0.9524,0.6218
0.9361,0.2418
0.9684,0.2418
0.9336,0.2418
0.9488,0.2418
0.8415,0.2418
0.9416,0.2418
0.9561,0.3928
0.7784,0.3928
0.9453,0.3287
0.9428,0.3287
0.9435,0.3287
0.9594,0.3287
0.9517,0.3287
0.9517,0.3287
0.9193,0.3287
0.939,0.3287
0.9355,0.3287
0.9286,0.3287
0.8128,0.3287
0.9467,0.3287
0.9536,-0.3109
0.8977,-0.1111
0.892,-0.1603
0.9197,-0.1603
0.8334,0.397
0.7904,1.4753
0.608,7.3923
0.7527,3.062
0.5316,-1.7118
0.9231,-0.1844
0.9309,-0.3514
0.9169,-4.6941
0.8995,0.555
0.9589,0.1596
0.5643,1.0665
0.7829,-0.2864
0.8116,0.0758
0.8905,0.4821
0.722,0.0839
0.9369,0.0839
0.4362,0.3287
0.8377,-0.2625
0.9718,1.0183
0.7088,-0.7386
0.9498,-0.7386
0.6537,0.7971
0.8299,-0.0658
0.9755,-1.0154
0.8404,-1.0154
0.8455,0.5506
0.638,0.8267
0.3993,0.6813
0.9306,0.6813
0.5375,-0.7045
0.9288,0.0072
0.8479,-0.0831
0.44,-0.1022
0.8583,-0.1352
0.875,-0.2542
0.6294,-0.2542
0.967,0.6218
0.9038,0.6218
0.5995,0.3287
0.9198,-1.1148
0.7567,0.4184
0.8419,1.7008
0.8235,1.7008
0.6604,1.0183
0.4537,-1.178
0.5168,-1.178
0.8385,-3.2896
0.9219,0.6246
0.9455,0.3719
0.9744,0.3719
0.9711,-0.2634
0.9504,-0.2634
0.9736,-0.2634
0.7679,-0.2634
0.7729,-2.2823
0.5651,0.761
0.8392,0.761
0.9379,-0.7386
0.7815,-0.7386
0.9338,-0.4997
0.8492,-0.4997
0.9238,-0.4997
0.7824,2.2059
0.9353,2.2059
0.5004,-0.831
0.9097,-0.831
0.9483,-0.831
0.4787,0.0289
0.945,-1.4666
0.9463,-1.4666
0.7832,-1.4666
0.9151,-1.4666
0.7509,-1.4666
0.8531,-4.6941
0.9358,2.2184
0.9328,0.555
0.9756,-1.2041
0.8203,0.1596
0.9004,1.4225
0.9288,0.5894
0.9216,-0.2855
0.814,0.7971
0.966,0.0554
0.7111,0.0974
0.9554,0.0974
0.9607,-1.0154
0.7806,-0.0188
0.9654,-0.4037
0.93,0.5506
0.6739,0.5506
0.9292,0.0
0.8434,0.6813
0.8733,0.6813
0.8741,0.6813
0.8108,0.6813
0.8809,0.6813
0.909,0.6813
0.8809,0.6813
0.8784,0.6813
0.9234,0.6813
0.8322,0.6813
0.8446,0.6813
0.9003,0.6813
0.8844,0.6813
0.8983,0.6813
0.9068,0.6813
0.8322,0.6813
0.8962,0.6813
0.9276,0.6813
0.8544,0.6813
0.7332,0.6813
0.9125,0.6813
0.8444,0.6813
0.8128,0.6813
0.9462,-0.0437
0.7824,-0.0437
0.932,-0.0437
0.8388,-0.0437
0.951,-0.0437
0.8008,-0.0437
0.521,-0.7045
0.9735,-0.7045
0.8656,2.8588
0.8925,2.8588
0.912,2.8588
0.9265,0.6642
0.8811,0.6642
0.6808,0.5292
0.4913,0.5292
0.5114,-1.1913
0.9195,-0.0216
0.4231,-0.0216
0.9391,-0.0831
0.8736,-0.0831
0.6398,-0.0831
0.6806,-0.0831
0.7013,-0.0831
0.7341,-0.0831
0.3889,-0.0831
0.8672,0.1411
0.8838,0.1411
0.8924,0.1411
0.8895,0.1411
0.9664,0.7372
0.8655,-0.1022
0.9562,-0.1022
0.9654,-0.1022
0.9698,-0.0598
0.9698,-0.0598
0.9647,-0.0598
0.9737,-0.0598
0.9598,-0.0598
0.5068,0.6813
0.9406,0.6813
0.888,0.6813
0.7455,-0.7045
0.9511,0.5292
0.9017,0.1411
0.5433,0.1411
0.8748,-0.1022
0.6958,-0.1022
0.7611,-0.1022
0.9694,-0.0598
0.8365,-0.0598
0.6177,-0.1352
0.9284,-0.2625
0.8481,-0.1352
0.9133,-0.2542
0.8875,-0.2542
0.8075,0.6218
0.8196,0.2418
0.8692,0.2418
0.9469,0.3287
0.5048,-0.2625
0.7251,-0.2625
0.7966,-0.2625
0.6504,-0.2625
0.5661,-0.2625
0.5194,0.7228
0.9498,0.7228
0.8796,-1.0712
0.9369,-1.1148
0.7066,-1.1148
0.9351,-1.1148
0.9657,-1.1148
0.9564,-0.1111
0.6202,-0.2472
0.7217,-0.2472
0.8273,-0.1603
0.9574,-0.1603
0.923,0.4184
0.8177,0.4184
0.9536,0.6648
0.9427,0.6648
0.5251,0.2212
0.8013,-0.43
0.6676,-0.43
0.5958,-0.43
0.623,-0.43
0.8921,2.0242
0.7872,2.0242
0.9394,2.0242
0.8426,2.0242
0.6355,2.0242
0.6916,0.6813
0.8645,0.6813
0.9115,0.6813
0.7723,0.6813
0.494,0.6813
0.9116,0.6813
0.9032,0.6813
0.5495,0.6813
0.8272,0.6813
0.6374,0.6813
0.8972,0.6813
0.8646,0.6813
0.4967,0.6813
0.795,0.6813
0.635,0.6813
0.9179,0.6813
0.8871,0.6813
0.8258,0.6813
0.8917,-0.0437
0.617,-0.0437
0.8071,-0.0437
0.8826,-0.0437
0.8811,-0.0437
0.8397,-0.0437
0.8598,-0.0437
0.9166,-0.0437
0.6545,-0.0437
0.8236,-0.0437
0.8362,-0.0437
0.7239,-0.0437
0.8664,-0.0437
0.783,2.8588
0.7239,2.8588
0.6656,2.8588
0.7213,0.6642
0.8055,0.5292
0.5083,0.5292
0.6918,-0.0216
0.9022,-0.0216
0.8529,-0.0216
0.6388,-0.0216
0.9309,-0.0216
0.8627,-0.0831
0.7591,-0.0831
0.8383,-0.0831
0.9234,-0.0831
0.6753,-0.0831
0.8455,0.0
0.6269,0.1411
0.9179,0.7372
0.9065,0.7372
0.8927,0.6813
0.8805,0.6813
0.8587,-0.7045
0.8815,-0.7045
0.9369,-0.7045
0.7661,0.6642
0.6787,0.5292
0.8159,-0.0831
0.9182,-0.1352
0.8964,-0.1022
0.7627,0.6218
0.9747,0.3928
0.9555,0.3287
0.9444,0.0
0.967,-1.0712
0.9743,-0.1603
0.7573,-0.1603
0.8819,-1.0712
0.8125,-0.0858
0.7522,-0.43
0.9043,-0.43
0.9478,7.3923
0.9732,7.3923
0.5544,0.3891
0.9496,0.3891
0.8414,0.0
0.9116,-1.178
0.9294,-1.178
0.9112,-3.2896
0.9016,-3.2896
0.7971,-3.2896
0.9677,0.6246
0.9533,-2.2823
0.8342,-0.7386
0.9672,-0.4997
0.7546,2.2059
0.9381,1.5001
0.9323,-1.4666
0.9492,-1.4666
0.8322,-1.4666
0.6857,1.0353
0.9698,-4.6941
0.7857,2.2184
0.9647,0.1596
0.5331,1.4225
0.6054,-0.2855
0.9435,-0.2855
0.716,0.7971
0.9332,0.7971
0.655,0.7971
0.5403,0.7971
0.7768,0.7971
0.8244,0.7971
0.9286,0.7971
0.9058,0.7971
0.6869,0.7971
0.7403,0.0554
0.8481,0.0554
0.8756,0.0554
0.8041,0.0554
0.5114,-0.2864
0.6067,-0.8425
0.8084,0.4915
0.9604,-0.4392
0.6309,0.527
0.8546,-0.0188
0.8898,-0.4037
0.9224,0.0
0.8446,0.3796
0.8187,-1.6349
0.4515,0.0
0.9406,0.0839
0.5773,-0.5907
0.8083,0.8267
0.917,0.8267
0.6316,0.8267
0.8989,0.8267
0.5005,0.8267
0.969,0.0
0.5072,-3.1479
0.9654,0.6642
0.9055,2.2184
0.8637,0.555
0.4675,0.3796
0.8951,-1.6349
0.7378,0.6813
0.7956,-3.1479
0.8733,0.6813
0.9382,0.6813
0.8868,-0.0437
0.951,-0.0437
0.9391,-0.7045
0.9457,2.8588
0.9347,-1.1913
0.8858,-0.0831
0.8189,-0.1022
0.8269,-0.1352
0.9389,0.6218
0.9256,0.6218
0.9174,0.6218
0.8563,0.6218
0.7352,0.3287
0.9054,-0.2625
0.859,-0.2625
0.5287,0.7228
0.9448,0.7228
0.5279,-1.0712
0.934,-1.1148
0.9174,-1.1148
0.876,-1.1148
0.7288,-0.1111
0.6819,-0.2472
0.9544,-0.2472
0.8311,-0.2472
0.6501,-0.1603
0.9325,-0.1603
0.7844,-0.1603
0.84,-0.1603
0.9306,-0.1603
0.9526,-0.1603
0.7972,-0.1603
0.4916,1.0637
0.9499,-0.0858
0.6386,-0.0858
0.9058,0.6648
0.8961,0.2212
0.9378,-0.1261
0.7506,2.0242
0.701,2.0242
0.8607,1.7008
0.9679,1.7008
0.5709,1.7008
0.6603,1.4203
0.597,0.4607
0.5571,0.4607
0.8419,-3.1479
0.9485,-3.1479
0.7699,-3.1479
0.9506,-0.3621
0.9495,-0.3621
0.944,-0.6242
0.8686,-0.6242
0.8896,-0.6242
0.9459,1.0183
0.9565,1.0183
0.9552,1.0183
0.6319,1.0183
0.9214,1.0183
0.6914,7.3923
0.8975,7.3923
0.8321,7.3923
0.6777,-0.5743
0.9173,0.6813
0.6962,0.6813
0.6704,0.6813
0.8079,0.6813
0.9568,0.6813
0.9595,0.6813
0.5795,0.6813
0.4979,0.6813
0.7589,-0.0437
0.6971,-0.0437
0.8653,-0.0437
0.4729,-0.0437
0.7084,-0.0437
0.8927,-0.0437
0.8215,-0.0437
0.9419,-0.0437
0.8808,-0.0437
0.4447,-0.0437
0.4621,-0.0437
0.8463,0.0
0.9505,0.0
0.8818,-0.7045
0.7421,-0.7045
0.6754,-0.7045
0.6977,-0.7045
0.8722,2.8588
0.9598,2.8588
0.6317,2.8588
0.7603,2.8588
0.8147,0.6642
0.6646,0.6642
0.8782,0.5292
0.9477,0.5292
0.8552,0.5292
0.9045,0.5292
0.9482,0.5292
0.6959,-1.1913
0.5209,-1.1913
0.5703,-1.1913
0.6537,-1.1913
0.7327,-0.0216
0.7802,0.0072
0.8161,0.0072
0.8377,0.0072
0.7033,0.0072
0.6612,0.0072
0.622,0.0072
0.7861,-0.0216
0.9173,-0.0216
0.9716,-0.0216
0.9331,-0.0831
0.8709,0.6813
0.8428,0.6813
0.8408,-0.0437
0.9425,-0.0437
0.9323,-0.0437
0.5805,-0.7045
0.907,2.8588
0.7264,0.6642
0.5857,0.6642
0.7974,0.6642
0.6691,0.6642
0.784,0.5292
0.7016,0.5292
0.701,-1.1913
0.8729,-0.0216
0.7826,-0.0216
0.9533,-0.0216
0.8133,-0.0216
0.9483,-0.0831
0.4999,-0.0831
0.8677,0.1411
0.8736,0.1411
0.6084,0.7372
0.9268,-0.1022
0.8703,-0.1022
0.8117,-0.1022
0.7981,-0.1022
0.8336,-0.1022
0.7957,-0.1022
0.9215,-0.1022
0.8824,-0.1022
0.5277,-0.1022
0.4782,-0.1022
0.8368,-0.0598
0.8964,-0.0598
0.6422,-0.0598
0.7848,-0.0598
0.9079,-0.0598
0.9206,-0.0598
0.7468,-0.0598
0.8854,-0.0598
0.8716,-0.1352
0.8159,-0.1352
0.4991,-0.2542
0.9248,-0.2542
0.6559,-0.2542
0.8278,-0.2542
0.692,-0.2542
0.4414,-0.2542
0.8648,-0.2542
0.8778,0.6218
0.5207,0.6218
0.8175,0.6218
0.8141,0.6218
0.8642,0.6218
0.8967,0.6218
0.763,0.6218
0.6194,0.6218
0.884,0.6218
0.8313,0.6218
0.8169,0.6218
0.9503,0.2418
0.8997,0.2418
0.762,0.2418
0.8568,0.3928
0.9098,0.3287
0.6336,0.3287
0.9422,0.3287
0.7567,0.3287
0.949,-0.2625
0.8935,-0.2625
0.8668,-0.2625
0.7047,-0.2625
0.6631,-0.2625
0.876,-1.0712
0.7014,-1.0712
0.8002,-1.1148
0.9159,-1.1148
0.9,-1.1148
0.9,-1.1148
0.8275,-0.0437
0.9324,0.5292
0.8873,0.5292
0.9027,-0.0216
0.8783,-0.0831
0.89,-0.0831
0.9058,-0.1022
0.8854,-0.1022
0.8944,-0.1022
0.9057,-0.1022
0.8553,-0.0598
0.8566,-0.1352
0.9509,-0.2542
0.7628,0.6218
0.9254,0.6218
0.8649,0.3928
0.7595,0.3287
0.8582,0.7228
0.6987,-1.0712
0.6295,-1.0712
0.9391,-1.0712
0.8676,-1.0712
0.7486,-1.1148
0.5961,-0.1111
0.5995,-0.1111
0.5548,-0.1603
0.8979,-1.3549
0.6285,-0.8928
0.5327,2.0242
0.7766,1.7008
0.752,1.4203
0.8432,0.4607
0.6751,0.4607
0.7622,-3.1479
0.5364,-0.3621
0.5234,-0.3621
0.7433,-0.3621
0.9013,-0.6242
0.9309,-0.6242
0.8474,-0.6242
0.6958,0.0
0.5117,1.0183
0.948,1.0183
0.5415,1.0183
0.874,7.3923
0.8129,-0.5743
0.5024,0.3891
0.9097,0.3891
0.9567,-3.2896
0.9512,0.0803
0.7564,3.062
0.6711,3.062
0.8558,3.062
0.5054,-0.2634
0.5802,-0.2634
0.7586,-0.2634
0.7784,-1.7118
0.7393,-4.6941
0.8177,-0.0684
0.9244,-0.831
0.9242,-0.831
0.8465,0.0289
0.8712,-0.3514
0.9342,-0.3514
0.8256,1.0353
0.5773,-4.6941
0.6741,0.0
0.5146,2.2184
0.9711,-1.2041
0.9533,-1.2041
0.9597,0.1596
0.9033,0.1596
0.9574,1.4225
0.9276,1.4225
0.9258,1.0665
0.9521,0.5894
0.8574,0.7971
0.8585,0.7971
0.8585,0.7971
0.7827,0.7971
0.5621,0.7971
0.5252,0.7971
0.8153,0.7971
0.9067,0.7971
0.7666,0.0554
0.6379,-0.2864
0.8476,0.4915
0.921,0.0
0.8146,0.6813
0.5814,0.6813
0.9089,0.6813
0.9187,0.6813
0.945,0.6813
0.7757,-0.0437
0.8258,0.6813
0.9358,0.6813
0.936,-0.0437
0.9262,-0.0437
0.9301,-0.0437
0.7575,-0.0437
0.7579,-0.0437
0.9132,-0.0437
0.65,-0.0437
0.8804,-0.0437
0.8233,-0.0437
0.9208,-0.0437
0.7803,-0.0437
0.701,-0.0437
0.9177,0.0
0.9282,0.0
0.9171,0.0
0.8708,0.0
0.8933,-0.7045
0.8492,-0.7045
0.9029,-0.7045
0.9215,-0.7045
0.9129,-0.7045
0.7712,-0.7045
0.8771,-0.7045
0.8104,2.8588
0.7835,2.8588
0.9038,2.8588
0.9358,2.8588
0.5458,2.8588
0.9061,0.0
0.9384,0.6642
0.8927,0.6642
0.7423,0.6642
0.9514,0.6642
0.9282,0.5292
0.8231,0.5292
0.9184,0.5292
0.4672,-0.4997
0.8701,0.5292
0.8959,0.5292
0.9349,0.5292
0.93,-1.1913
0.8273,-1.1913
0.9175,0.0072
0.8422,-0.0216
0.9311,-0.0216
0.7511,-0.0216
0.6958,-0.0216
0.9214,-0.0831
0.8106,-0.0831
0.905,-0.0831
0.6609,0.1411
0.4942,0.1411
0.9104,0.1411
0.9145,0.7372
0.9105,-0.1022
0.9143,0.0
0.6362,0.0
0.9243,0.6813
0.9293,0.6813
0.7347,0.6813
0.828,0.6813
0.828,0.6813
0.7581,0.6813
0.9177,-0.0437
0.9041,-0.0437
0.7962,-0.0437
0.5635,-0.0437
0.7963,-0.0437
0.5738,-0.0437
0.8425,-0.0437
0.9348,-0.0437
0.9069,0.0
0.9345,-0.7045
0.4716,-0.7045
0.9432,-0.7045
0.7991,-0.7045
0.9088,-0.7045
0.8551,-0.7045
0.9122,-0.7045
0.9132,-0.7045
0.866,0.0
0.822,2.8588
0.7101,2.8588
0.7757,0.6642
0.5934,0.6642
0.8616,0.6642
0.9226,0.5292
0.9079,0.5292
0.8948,-1.1913
0.9074,-1.1913
0.7999,0.0072
0.9484,0.0072
0.8812,0.0072
0.9343,-0.0216
0.7958,-0.0216
0.9386,-0.0216
0.9073,-0.0831
0.6114,-0.0831
0.8705,0.1411
0.7397,0.1411
0.9316,0.1411
0.9381,0.7372
0.9359,-0.1022
0.8536,-0.0598
0.626,-0.0598
0.7669,-0.0598
0.9121,0.6813
0.8126,0.6813
0.738,0.6813
0.8596,0.6813
0.8684,-0.0437
0.5608,0.6813
0.9044,0.6813
0.898,0.6813
0.4884,0.0
0.9041,-0.0437
0.8814,-0.0437
0.8556,-0.0437
0.8822,-0.0437
0.6526,-0.0437
0.8559,-0.0437
0.5045,-0.0437
0.5801,-0.0437
0.9391,-0.0437
0.7712,-0.0437
0.6431,-0.7045
0.774,-0.7045
0.869,-0.7045
0.9749,-0.7045
0.974,-0.7045
0.8704,0.0
0.7943,2.8588
0.8296,2.8588
0.9733,2.8588
0.8524,2.8588
0.8524,2.8588
0.916,2.8588
0.8609,2.8588
0.8071,0.0
0.877,0.6642
0.803,0.5292
0.9057,0.5292
0.8995,0.5292
0.8898,0.5292
0.7943,0.5292
0.5332,0.5292
0.4891,0.5292
0.9129,0.0
0.5889,-1.1913
0.7199,-1.1913
0.932,-1.1913
0.9246,-1.1913
0.7842,0.6813
0.5378,0.6813
0.899,-0.0437
0.8759,0.1411
0.6709,-0.1022
0.8471,-0.0598
0.4974,-0.2468
0.8317,0.6218
0.8152,0.6218
0.6014,0.2418
0.899,0.2418
0.7227,-0.2625
0.9131,0.7228
0.9244,-1.0712
0.9167,-0.1111
0.9594,-0.1111
0.8655,-0.2472
0.4457,-0.2472
0.8384,-0.2472
0.6382,-1.3549
0.8528,-0.8928
0.6973,1.4753
0.7408,0.2212
0.8914,0.2212
0.9283,0.2212
0.8854,-0.0437
0.7939,-0.7045
0.7027,2.8588
0.5651,0.6642
0.8316,0.5292
0.569,-0.0598
0.9511,0.6218
0.8816,0.3287
0.7076,0.3287
0.9389,0.7228
0.9727,0.7228
0.8566,-0.1111
0.8193,0.4184
0.9124,0.397
0.9573,0.6648
0.9199,0.2212
0.9458,0.2212
0.8737,-0.43
0.9508,-0.43
0.95,-0.43
0.8417,2.0242
0.9749,-0.5743
0.5728,0.3891
0.5297,-1.178
0.9569,-1.178
0.4822,0.0803
0.9009,3.062
0.6397,3.062
0.8398,-0.2634
0.5619,-0.7386
0.9729,-0.4997
0.7924,-0.831
0.9515,-1.4666
0.8705,-0.3514
0.8794,1.0353
0.4477,-4.6941
0.9668,2.2184
0.7509,0.555
0.8882,-1.2041
0.9468,0.1596
0.9479,0.1596
0.7369,0.1596
0.7849,1.4225
0.9492,1.4225
0.884,0.0554
0.7733,0.0554
0.6641,-0.8425
0.9508,-0.8425
0.9139,0.527
0.9576,-0.5907
0.9388,0.527
0.953,-1.3362
0.9165,0.2851
0.9676,-0.4037
0.946,0.4821
0.7141,0.3796
0.8027,-1.6349
0.9456,-1.6349
0.9322,0.5506
0.9072,0.6462
0.6757,0.6462
